city,acquisition_source,month,sessions,conversions,revenue,conversion_rate,ad_spend,roas,avg_order_value
Jakarta,Organic,2024-01,611,62,8934.8,0.1019,0,,152.55
Jakarta,Organic,2024-02,668,83,19228.67,0.1251,0,,252.53
Jakarta,Organic,2024-03,659,67,9619.39,0.102,0,,143.42
Jakarta,Organic,2024-04,622,67,14418.29,0.1081,0,,213.28
Jakarta,Organic,2024-05,698,85,18319.69,0.122,0,,239.13
Jakarta,Organic,2024-06,847,106,16099.38,0.1259,0,,163.12
Jakarta,Organic,2024-07,867,97,10970.9,0.113,0,,123.02
Jakarta,Organic,2024-08,801,98,24473.02,0.1225,0,,238.75
Jakarta,Organic,2024-09,682,92,15739.81,0.1357,0,,169.32
Jakarta,Organic,2024-10,686,84,21119.86,0.123,0,,247.6
Jakarta,Organic,2024-11,623,63,8745.36,0.1026,0,,144.92
Jakarta,Organic,2024-12,501,54,6417.35,0.1093,0,,124.36
Jakarta,Paid Search,2024-01,950,168,26579.37,0.1773,855.0,31.09,167.97
Jakarta,Paid Search,2024-02,1098,211,40741.03,0.193,1603.08,25.41,206.68
Jakarta,Paid Search,2024-03,943,167,46061.15,0.1781,1178.75,39.08,268.3
Jakarta,Paid Search,2024-04,1191,242,53493.38,0.2038,726.51,73.63,233.71
Jakarta,Paid Search,2024-05,1120,192,29716.56,0.1719,1836.8,16.18,142.18
Jakarta,Paid Search,2024-06,1140,220,40999.3,0.1934,1288.2,31.83,172.09
Jakarta,Paid Search,2024-07,1102,188,35626.29,0.1708,1410.56,25.26,198.94
Jakarta,Paid Search,2024-08,1263,226,35665.57,0.1792,1502.97,23.73,143.53
Jakarta,Paid Search,2024-09,921,147,18958.41,0.1597,1409.13,13.45,125.76
Jakarta,Paid Search,2024-10,948,152,28374.27,0.1606,1147.08,24.74,169.82
Jakarta,Paid Search,2024-11,1042,213,24433.15,0.2048,1458.8,16.75,109.86
Jakarta,Paid Search,2024-12,902,155,30283.65,0.1719,992.2,30.52,211.84
Jakarta,Social Media,2024-01,1029,246,58563.48,0.24,607.11,96.46,249.89
Jakarta,Social Media,2024-02,1002,237,56639.59,0.2373,691.38,81.92,249.02
Jakarta,Social Media,2024-03,1239,234,54603.95,0.1892,978.81,55.79,231.53
Jakarta,Social Media,2024-04,1301,233,33805.32,0.1796,1157.89,29.2,160.51
Jakarta,Social Media,2024-05,1509,350,50352.36,0.2322,1282.65,39.26,157.82
Jakarta,Social Media,2024-06,1565,289,49315.6,0.1849,1205.05,40.92,186.73
Jakarta,Social Media,2024-07,1464,274,51193.73,0.1877,629.52,81.32,185.0
Jakarta,Social Media,2024-08,1434,295,42311.78,0.2063,1075.5,39.34,142.31
Jakarta,Social Media,2024-09,1092,217,60170.64,0.1993,600.6,100.18,269.21
Jakarta,Social Media,2024-10,1115,208,29062.77,0.1872,724.75,40.1,144.4
Jakarta,Social Media,2024-11,959,185,22687.34,0.1935,393.19,57.7,119.5
Jakarta,Social Media,2024-12,1144,267,30229.29,0.234,812.24,37.22,119.48
Jakarta,Email,2024-01,715,100,26324.12,0.1409,0,,259.55
Jakarta,Email,2024-02,825,141,31587.89,0.1719,0,,238.81
Jakarta,Email,2024-03,791,122,21405.5,0.1551,0,,176.62
Jakarta,Email,2024-04,1033,172,42304.32,0.1666,0,,267.43
Jakarta,Email,2024-05,987,148,34801.44,0.1508,0,,247.59
Jakarta,Email,2024-06,938,146,24606.01,0.156,0,,176.34
Jakarta,Email,2024-07,940,167,32194.32,0.1785,0,,179.79
Jakarta,Email,2024-08,982,134,38594.87,0.137,0,,269.88
Jakarta,Email,2024-09,1026,183,41926.28,0.1787,0,,245.49
Jakarta,Email,2024-10,828,119,18766.31,0.1448,0,,172.97
Jakarta,Email,2024-11,754,136,21697.4,0.1815,0,,150.96
Jakarta,Email,2024-12,754,116,33541.77,0.1547,0,,263.09
Jakarta,Direct,2024-01,729,112,14298.63,0.1547,0,,133.08
Jakarta,Direct,2024-02,870,129,26515.71,0.1486,0,,195.84
Jakarta,Direct,2024-03,715,106,21499.68,0.1489,0,,189.46
Jakarta,Direct,2024-04,795,131,14852.31,0.1653,0,,120.98
Jakarta,Direct,2024-05,958,146,19709.4,0.1528,0,,146.1
Jakarta,Direct,2024-06,1059,142,29705.03,0.1341,0,,204.31
Jakarta,Direct,2024-07,909,135,28274.88,0.1488,0,,192.69
Jakarta,Direct,2024-08,808,124,17807.66,0.1546,0,,146.67
Jakarta,Direct,2024-09,867,118,19734.45,0.1365,0,,159.22
Jakarta,Direct,2024-10,665,95,28168.83,0.1434,0,,269.75
Jakarta,Direct,2024-11,625,82,13451.58,0.1327,0,,150.96
Jakarta,Direct,2024-12,781,126,19703.0,0.1617,0,,167.86
Jakarta,Referral,2024-01,574,64,14545.42,0.112,0,,207.09
Jakarta,Referral,2024-02,580,52,11997.76,0.09,0,,240.37
Jakarta,Referral,2024-03,629,75,8983.14,0.1195,0,,129.76
Jakarta,Referral,2024-04,568,60,9318.59,0.1073,0,,152.12
Jakarta,Referral,2024-05,722,69,13855.11,0.0962,0,,210.75
Jakarta,Referral,2024-06,687,81,18231.95,0.1184,0,,245.07
Jakarta,Referral,2024-07,662,65,7440.01,0.0985,0,,108.57
Jakarta,Referral,2024-08,671,65,14978.4,0.0981,0,,228.08
Jakarta,Referral,2024-09,586,52,6728.73,0.0901,0,,120.19
Jakarta,Referral,2024-10,622,66,16316.37,0.107,0,,243.2
Jakarta,Referral,2024-11,466,43,7333.25,0.0938,0,,157.94
Jakarta,Referral,2024-12,555,64,15290.84,0.117,0,,253.63
Bali,Organic,2024-01,362,57,12787.53,0.1599,0,,208.34
Bali,Organic,2024-02,404,75,9631.71,0.1881,0,,118.26
Bali,Organic,2024-03,499,103,23584.99,0.2074,0,,212.75
Bali,Organic,2024-04,414,80,12498.24,0.1944,0,,143.83
Bali,Organic,2024-05,554,111,22513.64,0.2013,0,,212.75
Bali,Organic,2024-06,562,90,21373.59,0.1602,0,,221.59
Bali,Organic,2024-07,466,92,14348.39,0.1987,0,,162.28
Bali,Organic,2024-08,526,87,8117.68,0.1667,0,,99.41
Bali,Organic,2024-09,426,85,19111.46,0.2013,0,,235.23
Bali,Organic,2024-10,433,76,18164.32,0.176,0,,237.29
Bali,Organic,2024-11,443,71,15661.39,0.1606,0,,235.74
Bali,Organic,2024-12,435,73,8040.9,0.1687,0,,111.61
Bali,Paid Search,2024-01,223,20,3674.26,0.0914,405.86,9.05,183.29
Bali,Paid Search,2024-02,227,20,3566.51,0.0897,674.19,5.29,198.07
Bali,Paid Search,2024-03,242,24,5034.31,0.1032,428.34,11.75,202.84
Bali,Paid Search,2024-04,224,22,3040.54,0.1016,627.2,4.85,143.55
Bali,Paid Search,2024-05,289,26,3587.02,0.091,537.54,6.67,140.54
Bali,Paid Search,2024-06,259,22,3747.29,0.086,631.96,5.93,156.54
Bali,Paid Search,2024-07,303,30,4220.18,0.1002,303.0,13.93,139.34
Bali,Paid Search,2024-08,241,22,4071.59,0.0948,479.59,8.49,179.52
Bali,Paid Search,2024-09,235,20,3546.17,0.0885,632.15,5.61,164.14
Bali,Paid Search,2024-10,200,16,2796.02,0.0847,342.0,8.18,170.23
Bali,Paid Search,2024-11,228,23,4191.98,0.1041,323.76,12.95,192.88
Bali,Paid Search,2024-12,174,15,2638.81,0.0894,200.1,13.19,164.42
Bali,Social Media,2024-01,330,53,6830.01,0.1634,240.9,28.35,124.0
Bali,Social Media,2024-02,333,54,5489.48,0.1647,319.68,17.17,96.8
Bali,Social Media,2024-03,343,52,6886.9,0.1538,257.25,26.77,121.33
Bali,Social Media,2024-04,362,52,11245.56,0.1455,358.38,31.38,218.16
Bali,Social Media,2024-05,462,83,16442.6,0.1803,489.72,33.58,181.75
Bali,Social Media,2024-06,463,77,13847.73,0.1676,356.51,38.84,168.69
Bali,Social Media,2024-07,493,83,12984.32,0.1688,256.36,50.65,164.35
Bali,Social Media,2024-08,436,74,12979.87,0.1698,235.44,55.13,171.07
Bali,Social Media,2024-09,340,50,6512.73,0.1472,258.4,25.2,135.13
Bali,Social Media,2024-10,321,46,9384.8,0.1446,115.56,81.21,195.93
Bali,Social Media,2024-11,329,52,7630.08,0.1593,217.14,35.14,155.87
Bali,Social Media,2024-12,371,59,12398.87,0.1613,356.16,34.81,196.16
Bali,Email,2024-01,176,12,1849.05,0.0721,0,,146.65
Bali,Email,2024-02,214,20,3281.57,0.0962,0,,156.34
Bali,Email,2024-03,212,18,2170.59,0.0873,0,,127.76
Bali,Email,2024-04,221,16,2393.22,0.0727,0,,144.4
Bali,Email,2024-05,230,17,2569.42,0.0762,0,,163.3
Bali,Email,2024-06,250,18,2784.71,0.0727,0,,152.74
Bali,Email,2024-07,203,17,1949.15,0.0883,0,,115.54
Bali,Email,2024-08,195,15,1831.49,0.0816,0,,126.48
Bali,Email,2024-09,226,18,3921.32,0.0816,0,,204.29
Bali,Email,2024-10,179,13,1294.41,0.0741,0,,98.79
Bali,Email,2024-11,210,16,3204.58,0.0809,0,,189.62
Bali,Email,2024-12,186,16,3499.99,0.0912,0,,232.74
Bali,Direct,2024-01,312,47,5548.14,0.1517,0,,114.18
Bali,Direct,2024-02,395,61,12640.66,0.1551,0,,196.72
Bali,Direct,2024-03,378,66,12407.82,0.1749,0,,203.7
Bali,Direct,2024-04,494,95,9593.34,0.193,0,,111.57
Bali,Direct,2024-05,447,79,18102.12,0.1784,0,,233.98
Bali,Direct,2024-06,514,75,15031.68,0.1479,0,,195.45
Bali,Direct,2024-07,417,76,16935.01,0.1832,0,,218.44
Bali,Direct,2024-08,400,77,15578.78,0.194,0,,208.7
Bali,Direct,2024-09,410,66,10790.77,0.1628,0,,168.86
Bali,Direct,2024-10,429,79,9594.18,0.1858,0,,111.2
Bali,Direct,2024-11,380,70,13670.97,0.1861,0,,197.85
Bali,Direct,2024-12,382,73,10454.08,0.1931,0,,134.89
Bali,Referral,2024-01,422,81,13450.58,0.1926,0,,158.72
Bali,Referral,2024-02,413,88,17406.41,0.214,0,,215.63
Bali,Referral,2024-03,534,95,15818.74,0.1787,0,,162.92
Bali,Referral,2024-04,497,82,16779.76,0.1662,0,,218.54
Bali,Referral,2024-05,495,104,16228.03,0.2109,0,,145.01
Bali,Referral,2024-06,585,105,11150.53,0.1806,0,,97.46
Bali,Referral,2024-07,474,97,16969.63,0.2064,0,,166.36
Bali,Referral,2024-08,545,110,19408.77,0.2021,0,,166.68
Bali,Referral,2024-09,421,74,13914.62,0.1774,0,,195.62
Bali,Referral,2024-10,454,87,14779.85,0.192,0,,172.45
Bali,Referral,2024-11,448,82,15430.39,0.1838,0,,197.21
Bali,Referral,2024-12,377,64,7316.32,0.1716,0,,123.73
Surabaya,Organic,2024-01,362,47,4758.32,0.1305,0,,107.33
Surabaya,Organic,2024-02,379,48,9987.49,0.1292,0,,207.05
Surabaya,Organic,2024-03,385,41,4204.45,0.1065,0,,108.46
Surabaya,Organic,2024-04,400,41,5923.34,0.1034,0,,151.3
Surabaya,Organic,2024-05,532,65,10336.82,0.1229,0,,171.87
Surabaya,Organic,2024-06,526,63,12400.66,0.1207,0,,193.96
Surabaya,Organic,2024-07,461,54,5270.87,0.1188,0,,107.23
Surabaya,Organic,2024-08,502,60,11031.68,0.1202,0,,187.59
Surabaya,Organic,2024-09,359,45,3797.43,0.1257,0,,90.75
Surabaya,Organic,2024-10,388,44,8503.75,0.1139,0,,209.23
Surabaya,Organic,2024-11,387,48,8330.82,0.1249,0,,183.63
Surabaya,Organic,2024-12,352,41,6143.93,0.1192,0,,139.78
Surabaya,Paid Search,2024-01,486,65,10777.45,0.1347,767.88,14.04,162.25
Surabaya,Paid Search,2024-02,511,66,7533.07,0.1305,419.02,17.98,110.59
Surabaya,Paid Search,2024-03,439,54,4509.12,0.1248,610.21,7.39,84.34
Surabaya,Paid Search,2024-04,491,64,11526.59,0.1315,594.11,19.4,173.08
Surabaya,Paid Search,2024-05,581,93,17470.06,0.1612,859.88,20.32,183.27
Surabaya,Paid Search,2024-06,633,88,13826.66,0.1398,1139.4,12.14,152.61
Surabaya,Paid Search,2024-07,604,75,7565.23,0.1246,960.36,7.88,104.91
Surabaya,Paid Search,2024-08,534,71,7343.5,0.1339,817.02,8.99,99.67
Surabaya,Paid Search,2024-09,552,78,10448.01,0.143,369.84,28.25,146.22
Surabaya,Paid Search,2024-10,441,59,6260.03,0.1354,824.67,7.59,115.55
Surabaya,Paid Search,2024-11,466,68,15242.99,0.1462,694.34,21.95,203.8
Surabaya,Paid Search,2024-12,385,47,8376.91,0.1233,565.95,14.8,179.29
Surabaya,Social Media,2024-01,367,36,5832.15,0.0995,344.98,16.91,157.75
Surabaya,Social Media,2024-02,304,31,4038.81,0.105,407.36,9.91,126.0
Surabaya,Social Media,2024-03,355,41,5372.16,0.1164,457.95,11.73,120.32
Surabaya,Social Media,2024-04,409,44,5247.42,0.1085,601.23,8.73,123.63
Surabaya,Social Media,2024-05,411,45,9678.49,0.1105,411.0,23.55,208.5
Surabaya,Social Media,2024-06,420,41,5585.45,0.0997,457.8,12.2,129.58
Surabaya,Social Media,2024-07,456,45,7483.76,0.1002,401.28,18.65,153.2
Surabaya,Social Media,2024-08,427,41,8655.73,0.0975,281.82,30.71,206.62
Surabaya,Social Media,2024-09,336,37,5220.27,0.1117,500.64,10.43,153.58
Surabaya,Social Media,2024-10,389,42,4425.29,0.1087,369.55,11.97,98.8
Surabaya,Social Media,2024-11,347,38,4802.49,0.1103,513.56,9.35,118.45
Surabaya,Social Media,2024-12,294,32,4591.91,0.1117,282.24,16.27,132.33
Surabaya,Email,2024-01,508,86,10810.04,0.1708,0,,118.81
Surabaya,Email,2024-02,473,82,12911.85,0.1741,0,,147.97
Surabaya,Email,2024-03,490,70,12160.04,0.1447,0,,157.95
Surabaya,Email,2024-04,562,77,11331.11,0.1378,0,,151.86
Surabaya,Email,2024-05,602,93,12679.08,0.156,0,,141.37
Surabaya,Email,2024-06,547,89,13148.07,0.1631,0,,156.05
Surabaya,Email,2024-07,642,85,15736.23,0.1329,0,,177.83
Surabaya,Email,2024-08,617,91,16232.38,0.1487,0,,167.62
Surabaya,Email,2024-09,600,92,8160.87,0.1538,0,,88.66
Surabaya,Email,2024-10,498,85,16305.56,0.1711,0,,194.15
Surabaya,Email,2024-11,460,69,11859.49,0.152,0,,175.03
Surabaya,Email,2024-12,466,64,10021.74,0.138,0,,143.16
Surabaya,Direct,2024-01,310,36,6391.78,0.1164,0,,165.88
Surabaya,Direct,2024-02,383,46,5844.09,0.1219,0,,131.88
Surabaya,Direct,2024-03,399,47,8268.27,0.1186,0,,193.92
Surabaya,Direct,2024-04,350,40,8797.51,0.1143,0,,200.04
Surabaya,Direct,2024-05,455,49,4850.15,0.1078,0,,96.4
Surabaya,Direct,2024-06,479,51,9449.13,0.1081,0,,171.44
Surabaya,Direct,2024-07,366,43,5071.26,0.1198,0,,120.96
Surabaya,Direct,2024-08,360,39,6411.33,0.111,0,,155.31
Surabaya,Direct,2024-09,337,32,6347.65,0.0961,0,,193.73
Surabaya,Direct,2024-10,319,39,3948.36,0.1236,0,,102.03
Surabaya,Direct,2024-11,302,30,2711.22,0.1019,0,,85.18
Surabaya,Direct,2024-12,357,41,4210.45,0.1159,0,,103.9
Surabaya,Referral,2024-01,280,28,4536.45,0.1016,0,,164.51
Surabaya,Referral,2024-02,288,31,3304.14,0.1093,0,,109.1
Surabaya,Referral,2024-03,335,30,4751.92,0.0912,0,,156.06
Surabaya,Referral,2024-04,416,38,8123.59,0.0929,0,,207.22
Surabaya,Referral,2024-05,355,35,6256.24,0.101,0,,170.41
Surabaya,Referral,2024-06,335,34,5386.84,0.1022,0,,146.59
Surabaya,Referral,2024-07,356,38,5918.5,0.1079,0,,160.49
Surabaya,Referral,2024-08,377,38,6721.57,0.1026,0,,169.4
Surabaya,Referral,2024-09,353,38,6700.28,0.109,0,,163.16
Surabaya,Referral,2024-10,325,30,4252.94,0.0933,0,,139.54
Surabaya,Referral,2024-11,314,27,3433.92,0.0868,0,,121.18
Surabaya,Referral,2024-12,258,22,3658.5,0.0881,0,,151.97
Bandung,Organic,2024-01,316,44,7144.64,0.141,0,,170.67
Bandung,Organic,2024-02,365,45,7929.95,0.1247,0,,167.94
Bandung,Organic,2024-03,342,37,6379.63,0.1109,0,,185.77
Bandung,Organic,2024-04,441,61,10600.62,0.1389,0,,158.56
Bandung,Organic,2024-05,463,63,7846.08,0.1369,0,,117.7
Bandung,Organic,2024-06,353,44,5819.65,0.1268,0,,127.85
Bandung,Organic,2024-07,427,54,9974.01,0.1286,0,,169.76
Bandung,Organic,2024-08,341,39,3311.58,0.1154,0,,78.85
Bandung,Organic,2024-09,366,51,4712.0,0.141,0,,101.24
Bandung,Organic,2024-10,365,51,5529.62,0.1408,0,,110.45
Bandung,Organic,2024-11,279,39,4310.84,0.1422,0,,110.7
Bandung,Organic,2024-12,269,37,3352.85,0.14,0,,91.47
Bandung,Paid Search,2024-01,274,30,5426.02,0.1121,564.44,9.61,183.84
Bandung,Paid Search,2024-02,248,25,2177.56,0.1018,369.52,5.89,87.29
Bandung,Paid Search,2024-03,340,30,3507.05,0.0899,822.8,4.26,118.24
Bandung,Paid Search,2024-04,356,32,4977.23,0.0919,875.76,5.68,154.17
Bandung,Paid Search,2024-05,324,32,2888.32,0.1013,725.76,3.98,97.64
Bandung,Paid Search,2024-06,340,37,5625.93,0.1096,285.6,19.7,149.15
Bandung,Paid Search,2024-07,368,35,3203.28,0.0965,338.56,9.46,90.36
Bandung,Paid Search,2024-08,348,33,3565.92,0.0953,473.28,7.53,100.62
Bandung,Paid Search,2024-09,268,31,2535.62,0.1171,281.4,9.01,76.32
Bandung,Paid Search,2024-10,246,23,2276.57,0.0967,206.64,11.02,95.89
Bandung,Paid Search,2024-11,223,25,2487.24,0.1136,245.3,10.14,103.12
Bandung,Paid Search,2024-12,220,24,3423.71,0.1121,354.2,9.67,135.97
Bandung,Social Media,2024-01,424,66,5841.0,0.1574,407.04,14.35,88.43
Bandung,Social Media,2024-02,359,61,10710.74,0.1701,215.4,49.72,174.84
Bandung,Social Media,2024-03,512,69,8834.35,0.1361,394.24,22.41,130.6
Bandung,Social Media,2024-04,482,84,6493.5,0.176,342.22,18.97,84.38
Bandung,Social Media,2024-05,442,64,9574.64,0.1462,225.42,42.47,148.17
Bandung,Social Media,2024-06,594,93,12128.75,0.1582,201.96,60.06,127.72
Bandung,Social Media,2024-07,539,93,14720.45,0.1733,431.2,34.14,150.2
Bandung,Social Media,2024-08,442,68,6715.74,0.1545,265.2,25.32,102.05
Bandung,Social Media,2024-09,438,60,7726.04,0.1377,236.52,32.67,124.65
Bandung,Social Media,2024-10,372,65,5798.26,0.1766,126.48,45.84,83.65
Bandung,Social Media,2024-11,344,57,9715.19,0.168,240.8,40.35,168.54
Bandung,Social Media,2024-12,389,57,4976.16,0.1487,291.75,17.06,89.93
Bandung,Email,2024-01,252,26,4498.55,0.1044,0,,158.2
Bandung,Email,2024-02,257,23,3075.82,0.0899,0,,141.88
Bandung,Email,2024-03,282,24,2266.53,0.0863,0,,88.34
Bandung,Email,2024-04,278,28,4203.88,0.1015,0,,141.45
Bandung,Email,2024-05,336,36,6233.27,0.1074,0,,169.3
Bandung,Email,2024-06,323,26,5041.46,0.0807,0,,181.92
Bandung,Email,2024-07,283,24,3603.45,0.085,0,,156.11
Bandung,Email,2024-08,276,22,3904.73,0.0801,0,,175.16
Bandung,Email,2024-09,261,21,2819.71,0.0839,0,,148.18
Bandung,Email,2024-10,268,23,2758.15,0.086,0,,123.86
Bandung,Email,2024-11,225,22,3669.25,0.1003,0,,164.56
Bandung,Email,2024-12,200,16,1538.54,0.0814,0,,93.94
Bandung,Direct,2024-01,247,21,3171.56,0.0876,0,,151.46
Bandung,Direct,2024-02,245,21,3140.47,0.0876,0,,162.06
Bandung,Direct,2024-03,264,23,3517.56,0.0879,0,,153.35
Bandung,Direct,2024-04,304,24,2963.16,0.0812,0,,121.06
Bandung,Direct,2024-05,260,22,2042.03,0.0884,0,,100.08
Bandung,Direct,2024-06,287,25,2016.98,0.0892,0,,76.88
Bandung,Direct,2024-07,275,24,3749.44,0.0907,0,,156.22
Bandung,Direct,2024-08,319,32,2889.92,0.1027,0,,84.22
Bandung,Direct,2024-09,232,18,3494.19,0.0805,0,,181.01
Bandung,Direct,2024-10,255,24,3703.21,0.0961,0,,156.88
Bandung,Direct,2024-11,207,16,1917.36,0.0805,0,,113.02
Bandung,Direct,2024-12,237,24,3982.95,0.1034,0,,180.85
Bandung,Referral,2024-01,374,46,6615.6,0.1254,0,,143.13
Bandung,Referral,2024-02,349,44,4878.5,0.1281,0,,114.7
Bandung,Referral,2024-03,351,47,4191.28,0.1363,0,,89.0
Bandung,Referral,2024-04,470,60,10143.53,0.1297,0,,158.92
Bandung,Referral,2024-05,482,60,5224.94,0.1251,0,,92.69
Bandung,Referral,2024-06,462,67,9446.69,0.1465,0,,150.73
Bandung,Referral,2024-07,476,64,10907.34,0.1356,0,,162.01
Bandung,Referral,2024-08,412,63,9081.45,0.1531,0,,140.35
Bandung,Referral,2024-09,404,60,8232.35,0.1507,0,,147.5
Bandung,Referral,2024-10,314,41,4327.17,0.1335,0,,110.52
Bandung,Referral,2024-11,294,40,4412.61,0.1361,0,,111.39
Bandung,Referral,2024-12,287,42,3818.69,0.1494,0,,84.75
Medan,Organic,2024-01,250,32,3936.7,0.1302,0,,123.95
Medan,Organic,2024-02,244,33,5390.41,0.1369,0,,165.0
Medan,Organic,2024-03,284,37,3842.25,0.1316,0,,104.35
Medan,Organic,2024-04,250,27,2371.19,0.1093,0,,81.33
Medan,Organic,2024-05,279,37,4276.49,0.1339,0,,123.68
Medan,Organic,2024-06,276,34,3989.37,0.1235,0,,116.8
Medan,Organic,2024-07,263,31,3051.76,0.121,0,,100.27
Medan,Organic,2024-08,265,34,5381.24,0.1295,0,,153.74
Medan,Organic,2024-09,226,24,3261.72,0.1105,0,,142.04
Medan,Organic,2024-10,256,33,5890.86,0.1318,0,,166.11
Medan,Organic,2024-11,214,27,2234.84,0.129,0,,85.33
Medan,Organic,2024-12,252,33,3759.22,0.1333,0,,111.79
Medan,Paid Search,2024-01,177,14,1632.46,0.0821,428.34,3.81,110.18
Medan,Paid Search,2024-02,174,16,2462.69,0.0957,327.12,7.53,148.41
Medan,Paid Search,2024-03,187,15,1584.37,0.0851,230.01,6.89,108.61
Medan,Paid Search,2024-04,176,17,1956.56,0.0988,202.4,9.67,121.75
Medan,Paid Search,2024-05,177,17,1453.04,0.0961,437.19,3.32,81.08
Medan,Paid Search,2024-06,230,17,1897.3,0.075,262.2,7.24,105.96
Medan,Paid Search,2024-07,195,15,2501.51,0.0783,471.9,5.3,158.19
Medan,Paid Search,2024-08,174,14,1649.2,0.0855,233.16,7.07,113.79
Medan,Paid Search,2024-09,176,14,2070.87,0.0815,334.4,6.19,149.45
Medan,Paid Search,2024-10,156,14,1791.52,0.0952,246.48,7.27,119.93
Medan,Paid Search,2024-11,177,17,1937.2,0.0998,284.97,6.8,119.15
Medan,Paid Search,2024-12,154,15,2491.54,0.0993,177.1,14.07,156.66
Medan,Social Media,2024-01,177,19,3125.15,0.111,83.19,37.57,162.71
Medan,Social Media,2024-02,224,26,2750.58,0.1177,143.36,19.19,100.5
Medan,Social Media,2024-03,246,23,2921.17,0.0952,145.14,20.13,116.6
Medan,Social Media,2024-04,233,23,1533.52,0.1017,202.71,7.57,73.22
Medan,Social Media,2024-05,228,27,2689.52,0.1223,294.12,9.14,109.99
Medan,Social Media,2024-06,278,30,4284.3,0.1113,180.7,23.71,153.97
Medan,Social Media,2024-07,273,30,2656.59,0.1127,221.13,12.01,85.06
Medan,Social Media,2024-08,201,18,1871.14,0.093,182.91,10.23,97.43
Medan,Social Media,2024-09,234,25,1966.51,0.1074,154.44,12.73,82.14
Medan,Social Media,2024-10,175,18,2752.43,0.1039,82.25,33.46,154.24
Medan,Social Media,2024-11,214,23,1664.22,0.1096,130.54,12.75,72.14
Medan,Social Media,2024-12,167,17,2181.14,0.1042,130.26,16.74,135.32
Medan,Email,2024-01,182,15,2375.06,0.0848,0,,173.32
Medan,Email,2024-02,186,18,3179.89,0.097,0,,174.77
Medan,Email,2024-03,193,18,2713.64,0.0959,0,,137.53
Medan,Email,2024-04,199,16,2382.37,0.0828,0,,153.67
Medan,Email,2024-05,241,24,3816.34,0.1005,0,,151.87
Medan,Email,2024-06,218,18,2449.59,0.0836,0,,128.06
Medan,Email,2024-07,203,21,2606.78,0.1049,0,,119.46
Medan,Email,2024-08,223,23,1870.37,0.1058,0,,77.06
Medan,Email,2024-09,197,17,1198.78,0.0908,0,,75.03
Medan,Email,2024-10,159,17,2329.6,0.1094,0,,124.82
Medan,Email,2024-11,176,15,2110.26,0.0896,0,,149.95
Medan,Email,2024-12,162,17,2658.6,0.105,0,,161.83
Medan,Direct,2024-01,185,20,3446.53,0.1116,0,,164.33
Medan,Direct,2024-02,248,27,4673.53,0.1122,0,,173.23
Medan,Direct,2024-03,239,31,4116.13,0.1309,0,,125.24
Medan,Direct,2024-04,275,27,3851.79,0.1015,0,,134.02
Medan,Direct,2024-05,274,30,2441.79,0.1099,0,,78.86
Medan,Direct,2024-06,259,31,3713.1,0.1197,0,,115.4
Medan,Direct,2024-07,259,25,3937.27,0.1002,0,,162.28
Medan,Direct,2024-08,296,32,6062.98,0.1083,0,,173.89
Medan,Direct,2024-09,209,25,2882.89,0.121,0,,108.77
Medan,Direct,2024-10,233,30,2619.5,0.1319,0,,85.48
Medan,Direct,2024-11,226,22,1799.97,0.0999,0,,77.5
Medan,Direct,2024-12,195,21,2793.84,0.1121,0,,130.3
Medan,Referral,2024-01,183,20,2309.12,0.1098,0,,109.68
Medan,Referral,2024-02,189,18,2084.32,0.0977,0,,112.43
Medan,Referral,2024-03,184,15,2220.88,0.0856,0,,148.09
Medan,Referral,2024-04,207,20,1866.86,0.0986,0,,98.04
Medan,Referral,2024-05,222,24,2614.39,0.1112,0,,100.56
Medan,Referral,2024-06,229,19,3019.47,0.0858,0,,160.46
Medan,Referral,2024-07,253,24,1981.67,0.0952,0,,79.67
Medan,Referral,2024-08,237,21,2053.17,0.0916,0,,107.09
Medan,Referral,2024-09,202,21,3508.99,0.1082,0,,160.3
Medan,Referral,2024-10,208,20,3089.69,0.1008,0,,154.21
Medan,Referral,2024-11,154,13,1170.07,0.0881,0,,85.07
Medan,Referral,2024-12,145,14,1623.98,0.0984,0,,109.36
Yogyakarta,Organic,2024-01,216,29,2066.48,0.1353,0,,74.08
Yogyakarta,Organic,2024-02,260,36,4451.21,0.1395,0,,117.33
Yogyakarta,Organic,2024-03,268,30,4976.21,0.1142,0,,161.28
Yogyakarta,Organic,2024-04,259,35,3745.76,0.138,0,,99.5
Yogyakarta,Organic,2024-05,300,40,3651.69,0.1364,0,,83.51
Yogyakarta,Organic,2024-06,276,40,2628.47,0.147,0,,71.05
Yogyakarta,Organic,2024-07,248,29,2941.34,0.1177,0,,97.35
Yogyakarta,Organic,2024-08,251,37,6078.8,0.1482,0,,153.66
Yogyakarta,Organic,2024-09,226,30,3324.65,0.1362,0,,119.8
Yogyakarta,Organic,2024-10,213,28,3007.99,0.1322,0,,115.05
Yogyakarta,Organic,2024-11,241,28,3812.88,0.1173,0,,130.42
Yogyakarta,Organic,2024-12,214,30,3868.04,0.1444,0,,121.06
Yogyakarta,Paid Search,2024-01,91,5,653.48,0.0565,247.52,2.64,128.72
Yogyakarta,Paid Search,2024-02,122,7,898.98,0.0638,325.74,2.76,128.48
Yogyakarta,Paid Search,2024-03,114,8,960.12,0.0744,320.34,3.0,113.12
Yogyakarta,Paid Search,2024-04,123,7,494.42,0.0571,285.36,1.73,71.5
Yogyakarta,Paid Search,2024-05,126,8,804.53,0.0675,369.18,2.18,96.36
Yogyakarta,Paid Search,2024-06,156,11,840.79,0.0748,391.56,2.15,78.47
Yogyakarta,Paid Search,2024-07,130,8,698.28,0.0648,179.4,3.89,91.92
Yogyakarta,Paid Search,2024-08,123,7,838.61,0.0632,398.52,2.1,126.15
Yogyakarta,Paid Search,2024-09,109,6,707.15,0.0621,327.0,2.16,122.44
Yogyakarta,Paid Search,2024-10,113,7,772.01,0.0657,135.6,5.69,114.68
Yogyakarta,Paid Search,2024-11,120,7,1060.96,0.0656,240.0,4.42,160.72
Yogyakarta,Paid Search,2024-12,90,5,785.62,0.0653,206.1,3.81,152.42
Yogyakarta,Social Media,2024-01,184,22,2557.82,0.1239,184.0,13.9,108.0
Yogyakarta,Social Media,2024-02,209,22,2342.85,0.1077,106.59,21.98,105.02
Yogyakarta,Social Media,2024-03,213,20,2426.23,0.0978,125.67,19.31,115.22
Yogyakarta,Social Media,2024-04,258,30,2539.05,0.1183,178.02,14.26,77.29
Yogyakarta,Social Media,2024-05,258,27,4483.32,0.1068,134.16,33.42,157.99
Yogyakarta,Social Media,2024-06,242,27,1754.25,0.1122,154.88,11.33,70.06
Yogyakarta,Social Media,2024-07,235,26,3266.76,0.1108,148.05,22.07,125.26
Yogyakarta,Social Media,2024-08,233,23,3930.29,0.1008,142.13,27.65,163.08
Yogyakarta,Social Media,2024-09,199,24,2949.79,0.1233,121.39,24.3,117.98
Yogyakarta,Social Media,2024-10,212,22,3180.38,0.1078,184.44,17.24,131.9
Yogyakarta,Social Media,2024-11,198,23,2775.72,0.1198,152.46,18.21,133.3
Yogyakarta,Social Media,2024-12,203,24,3460.29,0.1217,200.97,17.22,141.97
Yogyakarta,Email,2024-01,171,15,1958.24,0.0927,0,,127.5
Yogyakarta,Email,2024-02,196,18,2162.92,0.092,0,,132.58
Yogyakarta,Email,2024-03,218,19,1234.04,0.0908,0,,67.46
Yogyakarta,Email,2024-04,185,20,2236.19,0.1087,0,,105.98
Yogyakarta,Email,2024-05,244,27,3399.97,0.1144,0,,138.01
Yogyakarta,Email,2024-06,197,18,1813.52,0.0938,0,,97.58
Yogyakarta,Email,2024-07,219,21,1878.51,0.0971,0,,82.64
Yogyakarta,Email,2024-08,197,19,2808.56,0.0984,0,,141.56
Yogyakarta,Email,2024-09,200,21,2475.88,0.1088,0,,125.63
Yogyakarta,Email,2024-10,164,17,1632.41,0.1046,0,,87.73
Yogyakarta,Email,2024-11,157,15,1342.83,0.0963,0,,86.0
Yogyakarta,Email,2024-12,154,15,2501.7,0.0982,0,,157.48
Yogyakarta,Direct,2024-01,141,11,1418.99,0.0829,0,,132.18
Yogyakarta,Direct,2024-02,185,18,3046.55,0.1024,0,,159.53
Yogyakarta,Direct,2024-03,163,14,1843.75,0.0875,0,,135.87
Yogyakarta,Direct,2024-04,184,15,1590.35,0.0867,0,,112.74
Yogyakarta,Direct,2024-05,200,21,2611.87,0.1056,0,,134.1
Yogyakarta,Direct,2024-06,208,19,1757.43,0.0959,0,,89.46
Yogyakarta,Direct,2024-07,199,19,1321.22,0.0974,0,,70.77
Yogyakarta,Direct,2024-08,200,16,2039.13,0.0823,0,,141.44
Yogyakarta,Direct,2024-09,177,18,2066.96,0.1055,0,,105.64
Yogyakarta,Direct,2024-10,180,16,1490.14,0.0929,0,,85.23
Yogyakarta,Direct,2024-11,144,14,1991.07,0.0976,0,,154.94
Yogyakarta,Direct,2024-12,152,14,2081.77,0.0945,0,,136.75
Yogyakarta,Referral,2024-01,222,24,3420.72,0.1097,0,,152.41
Yogyakarta,Referral,2024-02,236,32,3346.16,0.1397,0,,104.66
Yogyakarta,Referral,2024-03,257,35,5898.59,0.1384,0,,156.72
Yogyakarta,Referral,2024-04,208,25,2087.88,0.124,0,,76.16
Yogyakarta,Referral,2024-05,240,33,3924.22,0.1394,0,,119.06
Yogyakarta,Referral,2024-06,296,39,4086.95,0.1344,0,,111.65
Yogyakarta,Referral,2024-07,227,24,2529.13,0.1092,0,,110.76
Yogyakarta,Referral,2024-08,221,28,4069.96,0.1302,0,,143.41
Yogyakarta,Referral,2024-09,245,26,4205.34,0.1097,0,,149.84
Yogyakarta,Referral,2024-10,231,28,2146.05,0.1221,0,,74.13
Yogyakarta,Referral,2024-11,179,19,1758.11,0.1084,0,,97.44
Yogyakarta,Referral,2024-12,179,20,3049.23,0.1119,0,,139.77
Semarang,Organic,2024-01,135,16,1234.62,0.1188,0,,74.86
Semarang,Organic,2024-02,161,15,1249.56,0.0967,0,,86.65
Semarang,Organic,2024-03,160,17,3050.49,0.1114,0,,172.42
Semarang,Organic,2024-04,167,16,2681.24,0.0985,0,,174.74
Semarang,Organic,2024-05,192,19,1562.14,0.1019,0,,88.35
Semarang,Organic,2024-06,203,23,2775.78,0.1149,0,,119.51
Semarang,Organic,2024-07,184,20,2772.84,0.1126,0,,146.92
Semarang,Organic,2024-08,163,19,2959.79,0.1198,0,,169.99
Semarang,Organic,2024-09,162,19,1582.28,0.1181,0,,82.22
Semarang,Organic,2024-10,132,14,1838.02,0.1129,0,,129.41
Semarang,Organic,2024-11,128,13,1572.84,0.1056,0,,131.05
Semarang,Organic,2024-12,127,14,1173.39,0.1141,0,,83.64
Semarang,Paid Search,2024-01,156,17,2195.33,0.1098,127.92,17.16,130.26
Semarang,Paid Search,2024-02,150,18,2704.62,0.1216,298.5,9.06,153.45
Semarang,Paid Search,2024-03,177,20,1523.12,0.1139,146.91,10.37,78.6
Semarang,Paid Search,2024-04,203,25,2206.65,0.1258,158.34,13.94,81.22
Semarang,Paid Search,2024-05,181,21,3638.81,0.1203,313.13,11.62,158.15
Semarang,Paid Search,2024-06,185,23,2860.93,0.1278,394.05,7.26,115.83
Semarang,Paid Search,2024-07,179,21,3104.11,0.1174,311.46,9.97,146.66
Semarang,Paid Search,2024-08,169,16,2138.88,0.1006,312.65,6.84,132.91
Semarang,Paid Search,2024-09,151,14,1022.57,0.0947,267.27,3.83,76.11
Semarang,Paid Search,2024-10,154,17,2655.27,0.1124,194.04,13.68,164.5
Semarang,Paid Search,2024-11,133,16,2267.93,0.1259,263.34,8.61,153.64
Semarang,Paid Search,2024-12,136,16,2473.37,0.1202,142.8,17.32,171.17
Semarang,Social Media,2024-01,114,9,1307.44,0.087,51.3,25.49,139.6
Semarang,Social Media,2024-02,148,14,1313.85,0.0982,199.8,6.58,99.47
Semarang,Social Media,2024-03,130,13,1458.6,0.1013,156.0,9.35,105.53
Semarang,Social Media,2024-04,152,15,2138.17,0.1042,110.96,19.27,147.85
Semarang,Social Media,2024-05,151,16,1505.49,0.1061,70.97,21.21,98.0
Semarang,Social Media,2024-06,195,21,3751.2,0.1127,169.65,22.11,174.24
Semarang,Social Media,2024-07,169,19,3489.08,0.1155,212.94,16.39,177.55
Semarang,Social Media,2024-08,152,14,1229.87,0.0987,186.96,6.58,90.07
Semarang,Social Media,2024-09,148,16,1779.76,0.1118,190.92,9.32,106.8
Semarang,Social Media,2024-10,156,16,2920.18,0.1031,85.8,34.03,180.44
Semarang,Social Media,2024-11,120,11,1729.65,0.0922,159.6,10.84,145.0
Semarang,Social Media,2024-12,111,11,992.72,0.108,126.54,7.85,94.63
Semarang,Email,2024-01,174,25,2482.82,0.1463,0,,94.37
Semarang,Email,2024-02,192,25,3396.87,0.1339,0,,126.53
Semarang,Email,2024-03,185,27,2210.65,0.1496,0,,75.29
Semarang,Email,2024-04,238,27,4945.79,0.1165,0,,183.95
Semarang,Email,2024-05,203,27,2812.41,0.1357,0,,96.18
Semarang,Email,2024-06,227,32,3724.9,0.1424,0,,115.63
Semarang,Email,2024-07,211,25,3253.6,0.1221,0,,130.21
Semarang,Email,2024-08,184,27,3616.77,0.1506,0,,125.43
Semarang,Email,2024-09,219,27,3261.32,0.1265,0,,119.3
Semarang,Email,2024-10,165,19,2114.56,0.1176,0,,102.39
Semarang,Email,2024-11,173,22,1921.68,0.1283,0,,90.43
Semarang,Email,2024-12,159,23,3052.17,0.1447,0,,128.72
Semarang,Direct,2024-01,137,12,2155.6,0.0938,0,,164.3
Semarang,Direct,2024-02,144,14,1366.55,0.1009,0,,92.17
Semarang,Direct,2024-03,135,14,1933.99,0.1079,0,,127.51
Semarang,Direct,2024-04,163,17,1234.5,0.1055,0,,80.08
Semarang,Direct,2024-05,187,21,3258.41,0.1147,0,,147.37
Semarang,Direct,2024-06,167,18,1858.65,0.1116,0,,99.15
Semarang,Direct,2024-07,144,14,1645.1,0.1014,0,,114.8
Semarang,Direct,2024-08,169,17,2152.84,0.1047,0,,126.95
Semarang,Direct,2024-09,127,13,979.54,0.1028,0,,74.91
Semarang,Direct,2024-10,129,14,1123.09,0.1157,0,,75.49
Semarang,Direct,2024-11,137,15,2405.4,0.1105,0,,174.04
Semarang,Direct,2024-12,112,10,952.91,0.0905,0,,94.79
Semarang,Referral,2024-01,128,10,1144.36,0.0847,0,,117.42
Semarang,Referral,2024-02,121,11,1901.82,0.0929,0,,182.92
Semarang,Referral,2024-03,142,14,2187.03,0.1006,0,,145.77
Semarang,Referral,2024-04,156,12,1400.25,0.08,0,,115.47
Semarang,Referral,2024-05,132,10,925.18,0.0777,0,,92.52
Semarang,Referral,2024-06,152,15,2187.18,0.0989,0,,136.07
Semarang,Referral,2024-07,134,12,885.34,0.0918,0,,78.3
Semarang,Referral,2024-08,161,16,1834.56,0.1017,0,,126.1
Semarang,Referral,2024-09,117,12,2100.96,0.1027,0,,172.88
Semarang,Referral,2024-10,107,10,1183.16,0.1028,0,,108.32
Semarang,Referral,2024-11,120,11,1641.04,0.098,0,,152.28
Semarang,Referral,2024-12,100,8,854.81,0.0819,0,,100.15
Makassar,Organic,2024-01,100,12,1284.51,0.1255,0,,101.84
Makassar,Organic,2024-02,99,12,1702.65,0.1286,0,,141.86
Makassar,Organic,2024-03,137,13,1562.71,0.0972,0,,112.58
Makassar,Organic,2024-04,122,14,2267.7,0.1213,0,,165.4
Makassar,Organic,2024-05,146,14,1474.55,0.0964,0,,95.88
Makassar,Organic,2024-06,137,14,2264.66,0.1073,0,,164.0
Makassar,Organic,2024-07,142,16,1256.98,0.1176,0,,76.74
Makassar,Organic,2024-08,140,16,1137.39,0.1194,0,,76.37
Makassar,Organic,2024-09,127,14,1934.6,0.1167,0,,143.44
Makassar,Organic,2024-10,97,9,869.92,0.0955,0,,99.44
Makassar,Organic,2024-11,97,9,776.0,0.0998,0,,87.11
Makassar,Organic,2024-12,103,11,754.75,0.1091,0,,70.68
Makassar,Paid Search,2024-01,68,5,493.86,0.0866,97.92,5.04,101.09
Makassar,Paid Search,2024-02,80,5,864.38,0.0737,219.2,3.94,159.92
Makassar,Paid Search,2024-03,91,6,594.71,0.0758,132.86,4.48,106.83
Makassar,Paid Search,2024-04,96,7,773.95,0.0731,172.8,4.48,112.34
Makassar,Paid Search,2024-05,88,6,572.89,0.0779,176.88,3.24,93.15
Makassar,Paid Search,2024-06,94,6,647.81,0.0742,142.88,4.53,99.08
Makassar,Paid Search,2024-07,105,9,884.29,0.0918,255.15,3.47,101.61
Makassar,Paid Search,2024-08,107,10,789.48,0.0961,286.76,2.75,81.88
Makassar,Paid Search,2024-09,81,6,1091.91,0.0795,116.64,9.36,166.39
Makassar,Paid Search,2024-10,88,7,841.47,0.0839,140.8,5.98,126.74
Makassar,Paid Search,2024-11,85,6,483.8,0.0814,170.85,2.83,79.62
Makassar,Paid Search,2024-12,77,6,812.13,0.0887,135.52,5.99,124.11
Makassar,Social Media,2024-01,129,16,1623.75,0.1285,119.97,13.53,97.72
Makassar,Social Media,2024-02,140,17,2075.71,0.1273,67.2,30.89,118.93
Makassar,Social Media,2024-03,146,20,2716.68,0.1394,154.76,17.55,148.49
Makassar,Social Media,2024-04,149,18,2335.26,0.127,123.67,18.88,119.67
Makassar,Social Media,2024-05,160,22,2484.94,0.1423,113.6,21.87,104.67
Makassar,Social Media,2024-06,167,19,2869.93,0.1146,93.52,30.69,146.43
Makassar,Social Media,2024-07,165,18,3137.45,0.113,99.0,31.69,168.33
Makassar,Social Media,2024-08,161,24,2422.85,0.1492,78.89,30.71,111.91
Makassar,Social Media,2024-09,140,18,2324.29,0.1316,89.6,25.94,127.21
Makassar,Social Media,2024-10,125,17,2176.82,0.1416,70.0,31.1,128.04
Makassar,Social Media,2024-11,104,11,1326.9,0.1154,39.52,33.58,110.43
Makassar,Social Media,2024-12,134,15,1483.82,0.1168,60.3,24.61,99.81
Makassar,Email,2024-01,77,6,702.77,0.0835,0,,112.69
Makassar,Email,2024-02,78,6,834.25,0.0791,0,,150.64
Makassar,Email,2024-03,99,8,1022.94,0.0879,0,,137.07
Makassar,Email,2024-04,110,8,639.7,0.0777,0,,85.79
Makassar,Email,2024-05,103,9,809.18,0.0957,0,,91.65
Makassar,Email,2024-06,93,8,812.19,0.0877,0,,112.08
Makassar,Email,2024-07,105,8,1004.4,0.0765,0,,128.4
Makassar,Email,2024-08,102,7,1075.72,0.0767,0,,144.74
Makassar,Email,2024-09,78,5,735.58,0.0741,0,,156.94
Makassar,Email,2024-10,78,6,609.8,0.0831,0,,94.76
Makassar,Email,2024-11,78,6,790.56,0.0877,0,,128.89
Makassar,Email,2024-12,78,6,947.18,0.0803,0,,154.24
Makassar,Direct,2024-01,104,11,1106.5,0.1092,0,,98.34
Makassar,Direct,2024-02,89,8,615.26,0.0916,0,,80.02
Makassar,Direct,2024-03,99,10,1181.4,0.1088,0,,120.1
Makassar,Direct,2024-04,105,10,893.03,0.0993,0,,86.95
Makassar,Direct,2024-05,131,14,2405.99,0.1073,0,,169.99
Makassar,Direct,2024-06,126,11,1090.17,0.0918,0,,100.09
Makassar,Direct,2024-07,107,10,639.63,0.0985,0,,68.98
Makassar,Direct,2024-08,129,15,1791.52,0.1172,0,,119.55
Makassar,Direct,2024-09,116,11,1686.54,0.1002,0,,153.67
Makassar,Direct,2024-10,89,7,977.01,0.0884,0,,145.63
Makassar,Direct,2024-11,89,9,759.87,0.104,0,,85.16
Makassar,Direct,2024-12,100,11,1259.22,0.1111,0,,124.07
Makassar,Referral,2024-01,76,7,1035.5,0.1012,0,,151.97
Makassar,Referral,2024-02,101,8,1141.17,0.0806,0,,141.34
Makassar,Referral,2024-03,114,9,1443.07,0.0823,0,,152.67
Makassar,Referral,2024-04,100,10,1104.24,0.1075,0,,113.87
Makassar,Referral,2024-05,123,11,1965.93,0.0918,0,,169.38
Makassar,Referral,2024-06,105,10,1241.45,0.1022,0,,127.97
Makassar,Referral,2024-07,120,11,866.82,0.0972,0,,84.93
Makassar,Referral,2024-08,98,8,574.76,0.0853,0,,74.05
Makassar,Referral,2024-09,93,8,841.08,0.0946,0,,101.01
Makassar,Referral,2024-10,86,7,1194.33,0.087,0,,155.52
Makassar,Referral,2024-11,91,7,1229.89,0.0821,0,,166.2
Makassar,Referral,2024-12,95,10,1447.65,0.1073,0,,156.44
Palembang,Organic,2024-01,94,9,1268.87,0.1058,0,,132.29
Palembang,Organic,2024-02,97,11,1239.77,0.1204,0,,110.99
Palembang,Organic,2024-03,90,10,1102.61,0.1115,0,,107.39
Palembang,Organic,2024-04,116,11,1193.11,0.1004,0,,113.5
Palembang,Organic,2024-05,124,13,1948.21,0.1099,0,,155.22
Palembang,Organic,2024-06,95,11,1546.01,0.1238,0,,134.34
Palembang,Organic,2024-07,108,12,1077.56,0.12,0,,98.39
Palembang,Organic,2024-08,105,10,991.8,0.1047,0,,105.25
Palembang,Organic,2024-09,90,11,1077.2,0.1257,0,,96.42
Palembang,Organic,2024-10,91,10,1005.4,0.1139,0,,97.0
Palembang,Organic,2024-11,73,7,966.89,0.1007,0,,139.25
Palembang,Organic,2024-12,73,9,861.67,0.1267,0,,106.36
Palembang,Paid Search,2024-01,66,4,482.11,0.0721,139.92,3.45,130.1
Palembang,Paid Search,2024-02,56,5,465.49,0.0895,76.16,6.11,90.31
Palembang,Paid Search,2024-03,64,5,391.17,0.0888,94.08,4.16,79.89
Palembang,Paid Search,2024-04,76,5,660.49,0.0729,67.64,9.76,126.93
Palembang,Paid Search,2024-05,75,5,444.0,0.0705,68.25,6.51,85.71
Palembang,Paid Search,2024-06,82,7,1094.76,0.0867,93.48,11.71,158.86
Palembang,Paid Search,2024-07,66,5,617.43,0.0764,97.68,6.32,134.15
Palembang,Paid Search,2024-08,80,5,726.26,0.0706,91.2,7.96,138.25
Palembang,Paid Search,2024-09,77,5,518.15,0.0707,163.24,3.17,114.93
Palembang,Paid Search,2024-10,61,5,578.15,0.0845,101.87,5.68,124.3
Palembang,Paid Search,2024-11,62,5,332.72,0.0878,143.22,2.32,72.32
Palembang,Paid Search,2024-12,58,4,602.67,0.0764,66.7,9.04,156.47
Palembang,Social Media,2024-01,66,5,597.34,0.0847,64.02,9.33,117.13
Palembang,Social Media,2024-02,82,8,1200.03,0.1023,54.94,21.84,145.4
Palembang,Social Media,2024-03,82,7,911.68,0.0971,34.44,26.47,135.79
Palembang,Social Media,2024-04,99,10,1028.73,0.11,85.14,12.08,111.51
Palembang,Social Media,2024-05,95,9,1559.08,0.0976,123.5,12.62,157.86
Palembang,Social Media,2024-06,84,9,1038.36,0.1073,88.2,11.77,118.56
Palembang,Social Media,2024-07,100,10,1246.2,0.11,43.0,28.98,137.96
Palembang,Social Media,2024-08,82,6,443.06,0.0834,71.34,6.21,69.81
Palembang,Social Media,2024-09,85,8,864.59,0.0968,38.25,22.6,103.88
Palembang,Social Media,2024-10,77,7,610.34,0.1002,66.99,9.11,90.64
Palembang,Social Media,2024-11,65,6,677.82,0.1057,65.0,10.43,115.49
Palembang,Social Media,2024-12,77,7,512.0,0.1021,83.93,6.1,70.35
Palembang,Email,2024-01,72,5,356.65,0.0763,0,,72.28
Palembang,Email,2024-02,68,6,589.32,0.0909,0,,93.69
Palembang,Email,2024-03,80,6,823.66,0.078,0,,131.96
Palembang,Email,2024-04,72,7,844.71,0.1,0,,114.21
Palembang,Email,2024-05,90,7,563.28,0.0792,0,,76.19
Palembang,Email,2024-06,80,7,875.44,0.0982,0,,138.06
Palembang,Email,2024-07,92,7,511.77,0.082,0,,70.13
Palembang,Email,2024-08,82,6,628.12,0.0768,0,,107.7
Palembang,Email,2024-09,74,6,566.61,0.0898,0,,99.3
Palembang,Email,2024-10,61,5,630.71,0.09,0,,133.39
Palembang,Email,2024-11,65,4,557.36,0.076,0,,146.84
Palembang,Email,2024-12,63,5,425.85,0.0849,0,,78.41
Palembang,Direct,2024-01,79,7,1113.3,0.0983,0,,151.74
Palembang,Direct,2024-02,74,6,651.25,0.0916,0,,103.96
Palembang,Direct,2024-03,76,6,598.98,0.0845,0,,99.79
Palembang,Direct,2024-04,99,8,1238.51,0.0875,0,,141.22
Palembang,Direct,2024-05,105,8,831.35,0.0843,0,,108.65
Palembang,Direct,2024-06,104,9,950.16,0.0918,0,,117.1
Palembang,Direct,2024-07,84,8,763.7,0.0987,0,,93.18
Palembang,Direct,2024-08,87,8,939.48,0.0995,0,,111.36
Palembang,Direct,2024-09,74,8,1040.18,0.1084,0,,137.01
Palembang,Direct,2024-10,65,6,502.29,0.0942,0,,86.37
Palembang,Direct,2024-11,79,8,1118.49,0.1078,0,,155.3
Palembang,Direct,2024-12,73,7,862.49,0.1069,0,,133.81
Palembang,Referral,2024-01,59,4,405.78,0.073,0,,111.23
Palembang,Referral,2024-02,71,5,395.38,0.0842,0,,72.93
Palembang,Referral,2024-03,75,5,639.67,0.0797,0,,131.28
Palembang,Referral,2024-04,82,5,339.06,0.0693,0,,73.18
Palembang,Referral,2024-05,83,5,584.85,0.0691,0,,118.51
Palembang,Referral,2024-06,88,6,514.56,0.0729,0,,89.06
Palembang,Referral,2024-07,83,6,778.18,0.084,0,,134.59
Palembang,Referral,2024-08,67,4,352.53,0.0691,0,,83.46
Palembang,Referral,2024-09,69,4,316.95,0.071,0,,79.78
Palembang,Referral,2024-10,60,4,589.79,0.0801,0,,156.6
Palembang,Referral,2024-11,55,4,281.36,0.0736,0,,75.51
Palembang,Referral,2024-12,60,5,594.33,0.087,0,,130.9
Depok,Organic,2024-01,71,8,760.02,0.1147,0,,100.04
Depok,Organic,2024-02,66,8,1351.04,0.1215,0,,177.39
Depok,Organic,2024-03,86,8,1120.23,0.104,0,,141.38
Depok,Organic,2024-04,86,9,1422.41,0.1119,0,,148.99
Depok,Organic,2024-05,75,7,1516.77,0.1033,0,,197.61
Depok,Organic,2024-06,76,10,1407.09,0.1327,0,,137.14
Depok,Organic,2024-07,88,10,1298.06,0.124,0,,122.16
Depok,Organic,2024-08,69,7,1433.5,0.1052,0,,207.13
Depok,Organic,2024-09,66,8,1526.58,0.1357,0,,197.48
Depok,Organic,2024-10,59,7,782.62,0.1196,0,,110.17
Depok,Organic,2024-11,71,8,762.07,0.1172,0,,91.89
Depok,Organic,2024-12,57,6,646.45,0.1106,0,,112.7
Depok,Paid Search,2024-01,87,10,1611.02,0.1249,93.96,17.15,169.73
Depok,Paid Search,2024-02,81,11,1010.01,0.1474,69.66,14.5,96.05
Depok,Paid Search,2024-03,81,13,2099.81,0.162,145.8,14.4,157.41
Depok,Paid Search,2024-04,105,17,3159.02,0.1665,151.2,20.89,191.21
Depok,Paid Search,2024-05,101,16,2413.94,0.1632,92.92,25.98,154.32
Depok,Paid Search,2024-06,97,12,2612.76,0.133,72.75,35.91,206.24
Depok,Paid Search,2024-07,116,16,3330.09,0.1465,237.8,14.0,189.22
Depok,Paid Search,2024-08,85,12,1571.68,0.152,167.45,9.39,123.18
Depok,Paid Search,2024-09,78,13,1625.88,0.1668,140.4,11.58,116.96
Depok,Paid Search,2024-10,79,12,2239.69,0.16,119.29,18.78,199.57
Depok,Paid Search,2024-11,85,13,2456.45,0.1538,141.1,17.41,208.65
Depok,Paid Search,2024-12,86,12,1826.5,0.148,178.02,10.26,162.33
Depok,Social Media,2024-01,94,14,1799.68,0.1569,35.72,50.38,128.8
Depok,Social Media,2024-02,82,11,1559.4,0.144,88.56,17.61,157.49
Depok,Social Media,2024-03,88,12,2375.19,0.1399,89.76,26.46,182.64
Depok,Social Media,2024-04,99,13,2330.08,0.1347,95.04,24.52,165.43
Depok,Social Media,2024-05,121,21,4396.63,0.1743,133.1,33.03,214.79
Depok,Social Media,2024-06,108,14,1659.54,0.1385,47.52,34.92,127.83
Depok,Social Media,2024-07,124,21,4645.54,0.1711,57.04,81.44,214.81
Depok,Social Media,2024-08,119,19,4231.23,0.1664,59.5,71.11,210.61
Depok,Social Media,2024-09,100,14,1866.83,0.142,42.0,44.45,128.5
Depok,Social Media,2024-10,96,17,3546.29,0.1785,110.4,32.12,213.23
Depok,Social Media,2024-11,96,12,2179.46,0.1352,108.48,20.09,167.52
Depok,Social Media,2024-12,75,12,2357.18,0.1604,70.5,33.44,211.64
Depok,Email,2024-01,72,11,1305.16,0.1662,0,,110.16
Depok,Email,2024-02,72,11,2042.59,0.1543,0,,172.36
Depok,Email,2024-03,88,11,1215.34,0.135,0,,120.94
Depok,Email,2024-04,89,11,947.74,0.1281,0,,88.17
Depok,Email,2024-05,108,17,3476.12,0.1656,0,,204.76
Depok,Email,2024-06,99,14,1413.62,0.1472,0,,101.39
Depok,Email,2024-07,112,16,2666.37,0.1518,0,,178.71
Depok,Email,2024-08,84,13,1590.24,0.1603,0,,126.93
Depok,Email,2024-09,102,12,1292.43,0.1267,0,,110.45
Depok,Email,2024-10,89,13,2466.66,0.1472,0,,206.55
Depok,Email,2024-11,80,12,1649.88,0.1502,0,,151.72
Depok,Email,2024-12,86,11,2104.94,0.1306,0,,205.45
Depok,Direct,2024-01,57,6,705.23,0.1103,0,,113.08
Depok,Direct,2024-02,73,9,1058.76,0.1293,0,,123.01
Depok,Direct,2024-03,69,7,1222.1,0.1047,0,,163.47
Depok,Direct,2024-04,72,8,1108.07,0.1159,0,,144.44
Depok,Direct,2024-05,88,10,1035.1,0.1246,0,,114.36
Depok,Direct,2024-06,77,8,844.88,0.1134,0,,98.82
Depok,Direct,2024-07,79,9,1417.27,0.1173,0,,152.56
Depok,Direct,2024-08,70,8,968.56,0.1226,0,,112.4
Depok,Direct,2024-09,72,8,975.18,0.119,0,,122.76
Depok,Direct,2024-10,63,7,706.9,0.1126,0,,96.14
Depok,Direct,2024-11,68,7,941.4,0.106,0,,133.38
Depok,Direct,2024-12,72,8,1376.43,0.1243,0,,161.08
Depok,Referral,2024-01,64,6,1021.99,0.1062,0,,158.69
Depok,Referral,2024-02,61,7,967.14,0.1214,0,,150.87
Depok,Referral,2024-03,75,8,1333.07,0.1159,0,,154.28
Depok,Referral,2024-04,79,9,1412.78,0.1147,0,,169.88
Depok,Referral,2024-05,82,8,1908.14,0.0982,0,,217.94
Depok,Referral,2024-06,84,8,1263.49,0.0967,0,,143.89
Depok,Referral,2024-07,74,9,1639.86,0.1251,0,,170.79
Depok,Referral,2024-08,67,8,1524.8,0.1223,0,,208.67
Depok,Referral,2024-09,65,6,751.1,0.1055,0,,131.05
Depok,Referral,2024-10,61,7,1375.82,0.1211,0,,191.82
Depok,Referral,2024-11,59,6,795.99,0.1063,0,,142.71
Depok,Referral,2024-12,58,6,1380.32,0.1173,0,,212.03
